Fold,time_mav,time_zero_crossing_rate,freq_low_high_ratio,chaos_dfa_exp,traditional_rms,traditional_mnf
1,0.1512355,0.26937214,0.11926267,0.13157451,0.15273999,0.1758151
2,0.1323013,0.37146616,0.16797727,0.13837482,0.056149215,0.13373129
3,0.084893234,0.40605706,0.13837081,0.11697206,0.09753221,0.15617459
4,0.13530096,0.3292642,0.13312714,0.12816893,0.12697159,0.14716718
5,0.1525928,0.3437995,0.09592491,0.13158701,0.13807572,0.13802002
