Feature,Mean_AbsCoefficient,Std_AbsCoefficient
time_mav,0.5631366846187819,0.09579989391617881
freq_low_high_ratio,0.5131024591635079,0.12444237114634077
time_zero_crossing_rate,0.4294035675427489,0.12546269666531357
chaos_dfa_exp,0.3834716894163723,0.13956179262734172
traditional_mnf,0.20145667757127045,0.128715726589984
traditional_rms,0.1424938266246821,0.10971190591477364
