Fold,time_mav,time_zero_crossing_rate,freq_low_high_ratio,chaos_dfa_exp,traditional_rms,traditional_mnf
1,0.15358315088748245,0.19980766228375554,0.11809649664344214,0.15782708829196787,0.1649144614706363,0.2057711404227155
2,0.14275822372383756,0.25176119851573264,0.12277710225875152,0.15988072856338706,0.14152972932584065,0.1812930176124506
3,0.11704981583729661,0.2778019863478247,0.13548697628589643,0.18510495101990243,0.15589422769461636,0.12866204281446342
4,0.17614190481231795,0.23360800459191713,0.16685418416335143,0.10034349284568161,0.15642198064201526,0.16663043294471674
5,0.14098008282722868,0.24447998084923828,0.16798110856967172,0.149515291635396,0.1554608196597986,0.14158271645866685
