Fold,time_mav,time_zero_crossing_rate,freq_low_high_ratio,chaos_dfa_exp,traditional_rms,traditional_mnf
1,0.6308590627053927,0.19326785404533844,0.27008775135541213,0.446931142345205,0.1155910317902887,0.32158609165673085
2,0.3923622870041479,0.5123095458786748,0.5676761917222083,0.13037965846194585,0.25255053800067384,0.2785209041940696
3,0.5266291646615731,0.5300106665156294,0.5452470566439447,0.5356623656218304,0.2874934988119526,0.09511308848881567
4,0.6098226082837339,0.40794143298583346,0.6240189573356782,0.35003019416881825,0.016265150736917987,0.30938238590285755
5,0.6560103004390613,0.5034883382882683,0.5584823387602965,0.4543550864840621,0.04056891378357739,0.002680917613878718
