Feature,Mean_Importance,Std_Importance
time_zero_crossing_rate,0.24149176651769366,0.02542652540342144
traditional_mnf,0.16478787005060264,0.027564462378836824
traditional_rms,0.15484424375858144,0.007518742782262026
chaos_dfa_exp,0.15053431047126703,0.02776986100343466
time_mav,0.14610263561763265,0.019182324038800637
freq_low_high_ratio,0.14223917358422264,0.021334381646093487
