{
  "Logistic Regression": {
    "Non-Fatigued": {
      "precision": [
        1.0,
        0.6875,
        0.4375,
        0.7142857142857143,
        1.0
      ],
      "recall": [
        0.5833333333333334,
        1.0,
        1.0,
        0.7142857142857143,
        0.5714285714285714
      ],
      "f1-score": [
        0.7368421052631579,
        0.8148148148148148,
        0.6086956521739131,
        0.7142857142857143,
        0.7272727272727273
      ],
      "mean_precision": 0.7678571428571429,
      "mean_recall": 0.773809523809524,
      "mean_f1": 0.7203822027620654
    },
    "Fatigued": {
      "precision": [
        0.4444444444444444,
        1.0,
        1.0,
        0.7142857142857143,
        0.5
      ],
      "recall": [
        1.0,
        0.375,
        0.1,
        0.7142857142857143,
        1.0
      ],
      "f1-score": [
        0.6153846153846154,
        0.5454545454545454,
        0.18181818181818182,
        0.7142857142857143,
        0.6666666666666666
      ],
      "mean_precision": 0.7317460317460318,
      "mean_recall": 0.6378571428571429,
      "mean_f1": 0.5447219447219447
    }
  },
  "SVM": {
    "Non-Fatigued": {
      "precision": [
        0.875,
        0.7333333333333333,
        0.4117647058823529,
        0.5,
        1.0
      ],
      "recall": [
        0.5833333333333334,
        1.0,
        1.0,
        0.2857142857142857,
        0.8571428571428571
      ],
      "f1-score": [
        0.7,
        0.8461538461538461,
        0.5833333333333334,
        0.36363636363636365,
        0.9230769230769231
      ],
      "mean_precision": 0.7040196078431372,
      "mean_recall": 0.7452380952380953,
      "mean_f1": 0.6832400932400933
    },
    "Fatigued": {
      "precision": [
        0.375,
        1.0,
        0.0,
        0.5,
        0.75
      ],
      "recall": [
        0.75,
        0.5,
        0.0,
        0.7142857142857143,
        1.0
      ],
      "f1-score": [
        0.5,
        0.6666666666666666,
        0.0,
        0.5882352941176471,
        0.8571428571428571
      ],
      "mean_precision": 0.525,
      "mean_recall": 0.5928571428571429,
      "mean_f1": 0.5224089635854342
    }
  },
  "Random Forest": {
    "Non-Fatigued": {
      "precision": [
        0.8571428571428571,
        0.625,
        0.4117647058823529,
        0.3333333333333333,
        1.0
      ],
      "recall": [
        0.5,
        0.9090909090909091,
        1.0,
        0.14285714285714285,
        0.7142857142857143
      ],
      "f1-score": [
        0.631578947368421,
        0.7407407407407407,
        0.5833333333333334,
        0.2,
        0.8333333333333334
      ],
      "mean_precision": 0.6454481792717087,
      "mean_recall": 0.6532467532467533,
      "mean_f1": 0.5977972709551658
    },
    "Fatigued": {
      "precision": [
        0.3333333333333333,
        0.6666666666666666,
        0.0,
        0.45454545454545453,
        0.6
      ],
      "recall": [
        0.75,
        0.25,
        0.0,
        0.7142857142857143,
        1.0
      ],
      "f1-score": [
        0.46153846153846156,
        0.36363636363636365,
        0.0,
        0.5555555555555556,
        0.75
      ],
      "mean_precision": 0.41090909090909095,
      "mean_recall": 0.5428571428571429,
      "mean_f1": 0.42614607614607614
    }
  },
  "XGBoost": {
    "Non-Fatigued": {
      "precision": [
        0.8571428571428571,
        0.6666666666666666,
        0.4,
        0.6,
        1.0
      ],
      "recall": [
        0.5,
        0.7272727272727273,
        0.8571428571428571,
        0.42857142857142855,
        0.7142857142857143
      ],
      "f1-score": [
        0.631578947368421,
        0.6956521739130435,
        0.5454545454545454,
        0.5,
        0.8333333333333334
      ],
      "mean_precision": 0.7047619047619047,
      "mean_recall": 0.6454545454545454,
      "mean_f1": 0.6412038000138687
    },
    "Fatigued": {
      "precision": [
        0.3333333333333333,
        0.5714285714285714,
        0.5,
        0.5555555555555556,
        0.6
      ],
      "recall": [
        0.75,
        0.5,
        0.1,
        0.7142857142857143,
        1.0
      ],
      "f1-score": [
        0.46153846153846156,
        0.5333333333333333,
        0.16666666666666666,
        0.625,
        0.75
      ],
      "mean_precision": 0.512063492063492,
      "mean_recall": 0.6128571428571429,
      "mean_f1": 0.5073076923076923
    }
  }
}