Feature,Mean_Importance,Std_Importance
time_mav,0.3232229216293521,0.029324926477454438
traditional_rms,0.29064613637495634,0.03240792607016168
freq_low_high_ratio,0.2740630337379173,0.02030562784629387
time_zero_crossing_rate,0.11206790825777417,0.03148350837126304
