Fold,time_mav,time_zero_crossing_rate,freq_low_high_ratio,traditional_rms
1,0.34997106830130476,0.070308338413753,0.2507079871219706,0.32901260616297173
2,0.3112143999685732,0.1541620629001325,0.25699870636554556,0.2776248307657488
3,0.3177016479924129,0.13787535412720103,0.30571418729285055,0.2387088105875355
4,0.3596449240759144,0.08429060477589348,0.26883707699557624,0.28722739415261583
5,0.2775825678085555,0.11370318107189079,0.2880572109136438,0.3206570402059099
