Fold,time_mav,time_zero_crossing_rate,freq_low_high_ratio,traditional_rms
1,0.5944444,0.1508289,0.12660876,0.12811792
2,0.53861016,0.096355535,0.18934731,0.17568702
3,0.58263993,0.13123035,0.14037918,0.14575043
4,0.6159627,0.1193149,0.13475157,0.12997082
5,0.25371844,0.13265476,0.15123299,0.46239376
