{
  "Logistic Regression": {
    "Low Force (0-1)": {
      "precision": [
        0.625,
        0.5714285714285714,
        0.6666666666666666,
        1.0,
        0.75
      ],
      "recall": [
        0.7142857142857143,
        0.6666666666666666,
        0.6666666666666666,
        0.5,
        1.0
      ],
      "f1-score": [
        0.6666666666666666,
        0.6153846153846154,
        0.6666666666666666,
        0.6666666666666666,
        0.8571428571428571
      ],
      "mean_precision": 0.7226190476190476,
      "mean_recall": 0.7095238095238094,
      "mean_f1": 0.6945054945054945
    },
    "High Force (2-3)": {
      "precision": [
        0.6,
        0.6666666666666666,
        0.6666666666666666,
        0.6666666666666666,
        1.0
      ],
      "recall": [
        0.5,
        0.5714285714285714,
        0.6666666666666666,
        1.0,
        0.6666666666666666
      ],
      "f1-score": [
        0.5454545454545454,
        0.6153846153846154,
        0.6666666666666666,
        0.8,
        0.8
      ],
      "mean_precision": 0.72,
      "mean_recall": 0.680952380952381,
      "mean_f1": 0.6855011655011655
    }
  },
  "SVM": {
    "Low Force (0-1)": {
      "precision": [
        0.6666666666666666,
        0.5,
        0.625,
        0.6666666666666666,
        0.6666666666666666
      ],
      "recall": [
        0.8571428571428571,
        0.8333333333333334,
        0.8333333333333334,
        0.6666666666666666,
        1.0
      ],
      "f1-score": [
        0.75,
        0.625,
        0.7142857142857143,
        0.6666666666666666,
        0.8
      ],
      "mean_precision": 0.6249999999999999,
      "mean_recall": 0.838095238095238,
      "mean_f1": 0.7111904761904763
    },
    "High Force (2-3)": {
      "precision": [
        0.75,
        0.6666666666666666,
        0.75,
        0.6666666666666666,
        1.0
      ],
      "recall": [
        0.5,
        0.2857142857142857,
        0.5,
        0.6666666666666666,
        0.5
      ],
      "f1-score": [
        0.6,
        0.4,
        0.6,
        0.6666666666666666,
        0.6666666666666666
      ],
      "mean_precision": 0.7666666666666666,
      "mean_recall": 0.4904761904761904,
      "mean_f1": 0.5866666666666667
    }
  },
  "Random Forest": {
    "Low Force (0-1)": {
      "precision": [
        0.6666666666666666,
        0.6,
        0.7142857142857143,
        0.8,
        0.5
      ],
      "recall": [
        0.8571428571428571,
        0.5,
        0.8333333333333334,
        0.6666666666666666,
        0.5
      ],
      "f1-score": [
        0.75,
        0.5454545454545454,
        0.7692307692307693,
        0.7272727272727273,
        0.5
      ],
      "mean_precision": 0.6561904761904762,
      "mean_recall": 0.6714285714285715,
      "mean_f1": 0.6583916083916084
    },
    "High Force (2-3)": {
      "precision": [
        0.75,
        0.625,
        0.8,
        0.7142857142857143,
        0.5
      ],
      "recall": [
        0.5,
        0.7142857142857143,
        0.6666666666666666,
        0.8333333333333334,
        0.5
      ],
      "f1-score": [
        0.6,
        0.6666666666666666,
        0.7272727272727273,
        0.7692307692307693,
        0.5
      ],
      "mean_precision": 0.6778571428571428,
      "mean_recall": 0.6428571428571429,
      "mean_f1": 0.6526340326340326
    }
  },
  "XGBoost": {
    "Low Force (0-1)": {
      "precision": [
        0.7142857142857143,
        0.5,
        0.75,
        0.8,
        0.5
      ],
      "recall": [
        0.7142857142857143,
        0.3333333333333333,
        1.0,
        0.6666666666666666,
        0.5
      ],
      "f1-score": [
        0.7142857142857143,
        0.4,
        0.8571428571428571,
        0.7272727272727273,
        0.5
      ],
      "mean_precision": 0.6528571428571428,
      "mean_recall": 0.6428571428571428,
      "mean_f1": 0.6397402597402598
    },
    "High Force (2-3)": {
      "precision": [
        0.6666666666666666,
        0.5555555555555556,
        1.0,
        0.7142857142857143,
        0.5
      ],
      "recall": [
        0.6666666666666666,
        0.7142857142857143,
        0.6666666666666666,
        0.8333333333333334,
        0.5
      ],
      "f1-score": [
        0.6666666666666666,
        0.625,
        0.8,
        0.7692307692307693,
        0.5
      ],
      "mean_precision": 0.6873015873015873,
      "mean_recall": 0.6761904761904762,
      "mean_f1": 0.6721794871794872
    }
  }
}