Fold,time_mav,time_zero_crossing_rate,freq_low_high_ratio,traditional_rms,traditional_mnf
1,0.6615819616595324,0.7549549475367591,0.1553210637907194,0.07354785955336485,0.6410590402439362
2,0.580907807968146,0.7093799219596971,0.3746226012079121,0.13586774459196221,0.39551375230503044
3,0.04561702627167765,0.72208771357667,0.3873771836313213,0.09990811658655596,0.30312740011566547
4,0.6454923731180031,0.8398418629242499,0.5266453353875886,0.1823166025260703,0.7466298235550587
5,0.6598862570125822,0.8218298192844739,0.3423139722646299,0.07174108626354984,0.43167675352235024
