Fold,time_mav,time_zero_crossing_rate,freq_low_high_ratio,traditional_rms,traditional_mnf
1,0.19629052685346687,0.39932957548044196,0.10974013526672607,0.12217221751303875,0.17246754488632626
2,0.1610090880597171,0.3879576725888775,0.11923973634028487,0.11543488988333536,0.21635861312778526
3,0.08460249936268607,0.4208011155948957,0.16148333813949461,0.15833753146215607,0.17477551544076755
4,0.12649398593567956,0.33936684839662795,0.18600398164566823,0.12745082701815133,0.22068435700387293
5,0.18538001407182886,0.36521379790112246,0.10808652400100896,0.14250568443731249,0.19881397958872726
