Feature,Mean_Importance,Std_Importance
time_zero_crossing_rate,0.38253380199239306,0.02806874451813656
traditional_mnf,0.19662000200949586,0.02016949313359424
time_mav,0.1507552228566757,0.040846719013855275
freq_low_high_ratio,0.13691074307863654,0.03128993612801082
traditional_rms,0.1331802300627988,0.015419166064465415
