Feature,Mean_AbsCoefficient,Std_AbsCoefficient
time_zero_crossing_rate,0.76961885305637,0.0524599357116896
time_mav,0.5186970852059882,0.238370481133528
traditional_mnf,0.5036013539484082,0.164318797769378
freq_low_high_ratio,0.35725603125643424,0.11908200043549934
traditional_rms,0.11267628190430064,0.04185061032122969
