Fold,time_mav,time_zero_crossing_rate,freq_low_high_ratio,traditional_rms,traditional_mnf
1,0.07478792,0.5325512,0.10884325,0.07220143,0.21161613
2,0.11133675,0.5622555,0.11769452,0.060309332,0.14840384
3,0.09477108,0.59474313,0.12151444,0.08203542,0.106935985
4,0.10745305,0.6596664,0.06423339,0.05006605,0.11858104
5,0.07696881,0.5741937,0.14571223,0.07176062,0.1313645
