{
  "Logistic Regression": {
    "Non-Fatigued": {
      "precision": [
        0.8461538461538461,
        0.8461538461538461,
        0.7,
        1.0,
        1.0
      ],
      "recall": [
        0.9166666666666666,
        1.0,
        1.0,
        0.8571428571428571,
        0.8571428571428571
      ],
      "f1-score": [
        0.88,
        0.9166666666666666,
        0.8235294117647058,
        0.9230769230769231,
        0.9230769230769231
      ],
      "mean_precision": 0.8784615384615385,
      "mean_recall": 0.9261904761904761,
      "mean_f1": 0.8932699849170438
    },
    "Fatigued": {
      "precision": [
        0.5,
        1.0,
        0.0,
        0.75,
        0.6666666666666666
      ],
      "recall": [
        0.3333333333333333,
        0.3333333333333333,
        0.0,
        1.0,
        1.0
      ],
      "f1-score": [
        0.4,
        0.5,
        0.0,
        0.8571428571428571,
        0.8
      ],
      "mean_precision": 0.5833333333333333,
      "mean_recall": 0.5333333333333333,
      "mean_f1": 0.5114285714285713
    }
  },
  "SVM": {
    "Non-Fatigued": {
      "precision": [
        0.8,
        0.7857142857142857,
        0.7,
        1.0,
        0.75
      ],
      "recall": [
        0.6666666666666666,
        1.0,
        1.0,
        0.5714285714285714,
        0.8571428571428571
      ],
      "f1-score": [
        0.7272727272727273,
        0.88,
        0.8235294117647058,
        0.7272727272727273,
        0.8
      ],
      "mean_precision": 0.8071428571428572,
      "mean_recall": 0.819047619047619,
      "mean_f1": 0.7916149732620321
    },
    "Fatigued": {
      "precision": [
        0.2,
        0.0,
        0.0,
        0.5,
        0.0
      ],
      "recall": [
        0.3333333333333333,
        0.0,
        0.0,
        1.0,
        0.0
      ],
      "f1-score": [
        0.25,
        0.0,
        0.0,
        0.6666666666666666,
        0.0
      ],
      "mean_precision": 0.13999999999999999,
      "mean_recall": 0.26666666666666666,
      "mean_f1": 0.18333333333333332
    }
  },
  "Random Forest": {
    "Non-Fatigued": {
      "precision": [
        0.8333333333333334,
        0.9090909090909091,
        0.7777777777777778,
        1.0,
        0.8571428571428571
      ],
      "recall": [
        0.8333333333333334,
        0.9090909090909091,
        1.0,
        0.2857142857142857,
        0.8571428571428571
      ],
      "f1-score": [
        0.8333333333333334,
        0.9090909090909091,
        0.875,
        0.4444444444444444,
        0.8571428571428571
      ],
      "mean_precision": 0.8754689754689755,
      "mean_recall": 0.777056277056277,
      "mean_f1": 0.7838023088023088
    },
    "Fatigued": {
      "precision": [
        0.3333333333333333,
        0.6666666666666666,
        1.0,
        0.375,
        0.5
      ],
      "recall": [
        0.3333333333333333,
        0.6666666666666666,
        0.3333333333333333,
        1.0,
        0.5
      ],
      "f1-score": [
        0.3333333333333333,
        0.6666666666666666,
        0.5,
        0.5454545454545454,
        0.5
      ],
      "mean_precision": 0.575,
      "mean_recall": 0.5666666666666667,
      "mean_f1": 0.509090909090909
    }
  },
  "XGBoost": {
    "Non-Fatigued": {
      "precision": [
        0.8333333333333334,
        0.9090909090909091,
        0.7,
        1.0,
        0.8571428571428571
      ],
      "recall": [
        0.8333333333333334,
        0.9090909090909091,
        1.0,
        0.14285714285714285,
        0.8571428571428571
      ],
      "f1-score": [
        0.8333333333333334,
        0.9090909090909091,
        0.8235294117647058,
        0.25,
        0.8571428571428571
      ],
      "mean_precision": 0.8599134199134199,
      "mean_recall": 0.7484848484848484,
      "mean_f1": 0.7346193022663611
    },
    "Fatigued": {
      "precision": [
        0.3333333333333333,
        0.6666666666666666,
        0.0,
        0.3333333333333333,
        0.5
      ],
      "recall": [
        0.3333333333333333,
        0.6666666666666666,
        0.0,
        1.0,
        0.5
      ],
      "f1-score": [
        0.3333333333333333,
        0.6666666666666666,
        0.0,
        0.5,
        0.5
      ],
      "mean_precision": 0.36666666666666664,
      "mean_recall": 0.5,
      "mean_f1": 0.4
    }
  }
}