Fold,time_mav,time_zero_crossing_rate,freq_low_high_ratio,traditional_rms,traditional_mnf
1,0.15985061683317078,0.20884518364879626,0.08661723826510476,0.20858787795536227,0.33609908329756594
2,0.10993242972460407,0.2956625953808241,0.14065373142884083,0.10834488029799143,0.34540636316773954
3,0.14939597325655987,0.29380795912953167,0.08743171207588686,0.17948050920793024,0.28988384633009134
4,0.14030865731700393,0.3011735683896575,0.09665118555384813,0.25488096293472456,0.20698562580476604
5,0.14251208896063844,0.3519994057922109,0.1209941420135318,0.13710164371241568,0.24739271952120312
