Fold,time_mav,time_zero_crossing_rate,freq_low_high_ratio,traditional_rms,traditional_mnf
1,0.34802821681636303,0.11293722054795706,0.267584791510437,0.9187187941741852,0.6244166156015905
2,0.2087237194682924,0.194755562140682,0.22190592222851308,0.3284097686866749,0.526877727330976
3,0.281363570676187,0.1498642547871599,0.15749817612005992,0.5281322583029239,0.7940265514077334
4,0.368754927155245,0.12568688462122754,0.07499098953379263,0.47857821977738824,0.44501215464896693
5,0.32935878013505004,0.19709890937623964,0.02267544927850517,0.4543614161610289,0.5374065756852691
