Feature,Mean_Importance,Std_Importance
time_zero_crossing_rate,0.2902977424682041,0.04604563269721776
traditional_mnf,0.2851535276242732,0.05250586491508959
traditional_rms,0.17767917482168483,0.051715547470464855
time_mav,0.1403999532183954,0.01668529970819944
freq_low_high_ratio,0.10646960186744248,0.021130432402332547
