Feature,Mean_AbsCoefficient,Std_AbsCoefficient
traditional_mnf,0.5855479249349071,0.11873011171093964
traditional_rms,0.5416400914204402,0.1997159718046036
time_mav,0.3072458428502275,0.05711751444573604
time_zero_crossing_rate,0.1560685662946532,0.03464686349293905
freq_low_high_ratio,0.14893106573426157,0.0904268182083624
