Fold,time_mav,time_zero_crossing_rate,freq_low_high_ratio,traditional_rms,traditional_mnf
1,0.12139485,0.11013445,0.1047861,0.21084696,0.45283768
2,0.051736884,0.13581479,0.11919465,0.08066302,0.6125907
3,0.091051005,0.35330358,0.08965653,0.21115878,0.25483012
4,0.08232089,0.33522412,0.0908429,0.26009205,0.23152007
5,0.099380404,0.41962576,0.21799578,0.12469135,0.13830669
