{
  "Logistic Regression": {
    "Non-Fatigued": {
      "precision": [
        0.7777777777777778,
        0.9166666666666666,
        0.7777777777777778,
        0.7777777777777778,
        0.875
      ],
      "recall": [
        0.5833333333333334,
        1.0,
        1.0,
        1.0,
        1.0
      ],
      "f1-score": [
        0.6666666666666666,
        0.9565217391304348,
        0.875,
        0.875,
        0.9333333333333333
      ],
      "mean_precision": 0.825,
      "mean_recall": 0.9166666666666667,
      "mean_f1": 0.861304347826087
    },
    "Fatigued": {
      "precision": [
        0.16666666666666666,
        1.0,
        1.0,
        1.0,
        1.0
      ],
      "recall": [
        0.3333333333333333,
        0.6666666666666666,
        0.3333333333333333,
        0.3333333333333333,
        0.5
      ],
      "f1-score": [
        0.2222222222222222,
        0.8,
        0.5,
        0.5,
        0.6666666666666666
      ],
      "mean_precision": 0.8333333333333334,
      "mean_recall": 0.4333333333333333,
      "mean_f1": 0.5377777777777777
    }
  },
  "SVM": {
    "Non-Fatigued": {
      "precision": [
        0.8461538461538461,
        0.8461538461538461,
        0.7777777777777778,
        0.7,
        0.7777777777777778
      ],
      "recall": [
        0.9166666666666666,
        1.0,
        1.0,
        1.0,
        1.0
      ],
      "f1-score": [
        0.88,
        0.9166666666666666,
        0.875,
        0.8235294117647058,
        0.875
      ],
      "mean_precision": 0.7895726495726496,
      "mean_recall": 0.9833333333333332,
      "mean_f1": 0.8740392156862745
    },
    "Fatigued": {
      "precision": [
        0.5,
        1.0,
        1.0,
        0.0,
        0.0
      ],
      "recall": [
        0.3333333333333333,
        0.3333333333333333,
        0.3333333333333333,
        0.0,
        0.0
      ],
      "f1-score": [
        0.4,
        0.5,
        0.5,
        0.0,
        0.0
      ],
      "mean_precision": 0.5,
      "mean_recall": 0.2,
      "mean_f1": 0.27999999999999997
    }
  },
  "Random Forest": {
    "Non-Fatigued": {
      "precision": [
        0.9090909090909091,
        0.8571428571428571,
        0.7777777777777778,
        0.7777777777777778,
        0.7777777777777778
      ],
      "recall": [
        0.8333333333333334,
        0.5454545454545454,
        1.0,
        1.0,
        1.0
      ],
      "f1-score": [
        0.8695652173913043,
        0.6666666666666666,
        0.875,
        0.875,
        0.875
      ],
      "mean_precision": 0.8199134199134199,
      "mean_recall": 0.8757575757575757,
      "mean_f1": 0.8322463768115942
    },
    "Fatigued": {
      "precision": [
        0.5,
        0.2857142857142857,
        1.0,
        1.0,
        0.0
      ],
      "recall": [
        0.6666666666666666,
        0.6666666666666666,
        0.3333333333333333,
        0.3333333333333333,
        0.0
      ],
      "f1-score": [
        0.5714285714285714,
        0.4,
        0.5,
        0.5,
        0.0
      ],
      "mean_precision": 0.5571428571428572,
      "mean_recall": 0.39999999999999997,
      "mean_f1": 0.3942857142857143
    }
  },
  "XGBoost": {
    "Non-Fatigued": {
      "precision": [
        0.9090909090909091,
        0.8571428571428571,
        0.875,
        0.7777777777777778,
        0.7777777777777778
      ],
      "recall": [
        0.8333333333333334,
        0.5454545454545454,
        1.0,
        1.0,
        1.0
      ],
      "f1-score": [
        0.8695652173913043,
        0.6666666666666666,
        0.9333333333333333,
        0.875,
        0.875
      ],
      "mean_precision": 0.8393578643578643,
      "mean_recall": 0.8757575757575757,
      "mean_f1": 0.8439130434782609
    },
    "Fatigued": {
      "precision": [
        0.5,
        0.2857142857142857,
        1.0,
        1.0,
        0.0
      ],
      "recall": [
        0.6666666666666666,
        0.6666666666666666,
        0.6666666666666666,
        0.3333333333333333,
        0.0
      ],
      "f1-score": [
        0.5714285714285714,
        0.4,
        0.8,
        0.5,
        0.0
      ],
      "mean_precision": 0.5571428571428572,
      "mean_recall": 0.4666666666666667,
      "mean_f1": 0.4542857142857143
    }
  }
}