Feature,Mean_Importance,Std_Importance
time_zero_crossing_rate,0.286034747538587,0.04898002919538281
traditional_mnf,0.21703216699990402,0.029359926828024824
time_mav,0.18295374538235543,0.025795900265596933
freq_low_high_ratio,0.1624162010925886,0.031712754464905124
traditional_rms,0.15156313898656498,0.022093097750775035
