Fold,time_mav,time_zero_crossing_rate,freq_low_high_ratio,traditional_rms,traditional_mnf
1,0.6858963898506624,0.3035495834217451,0.20673164784755574,0.15719042869471544,0.5783663698044087
2,0.41414227410716287,0.5433863276855311,0.524715160286442,0.22722448506789508,0.3516880720921244
3,0.5852789078169223,0.6213604899209697,0.4245326428899699,0.3416538190475224,0.2563858065761313
4,0.6583337574874927,0.4444039876477983,0.5487798275616027,0.0633135034924998,0.5529588480005337
5,0.707400175447634,0.5348793469547474,0.43641876093256576,0.1146046404583447,0.3103615388575471
