Fold,time_mav,time_zero_crossing_rate,freq_low_high_ratio,traditional_rms,traditional_mnf
1,0.213306775939355,0.24913642702830008,0.11296214498728337,0.1771901433479957,0.24740450869706598
2,0.18694577322657824,0.26766382354730106,0.15470185647345006,0.1326730134027869,0.2580155333498837
3,0.1595304428848127,0.3794535276974558,0.1510543803432013,0.11885560294279776,0.1911060461317326
4,0.20733919154554487,0.24644806398608968,0.19188586595764268,0.16139218732919494,0.1929346911815278
5,0.14764654331548643,0.2874718954337883,0.2014767577013657,0.1677047479100496,0.19570005563930987
