Fold,time_mav,time_zero_crossing_rate,freq_low_high_ratio,traditional_rms,traditional_mnf
1,0.17344442,0.353004,0.14479822,0.15119754,0.17755584
2,0.13428234,0.4239912,0.18264791,0.09918451,0.15989405
3,0.09895457,0.42541382,0.15319286,0.15713589,0.16530281
4,0.15500052,0.45944178,0.13483073,0.10635898,0.14436796
5,0.1784522,0.41396847,0.122084066,0.1378481,0.14764716
