Feature,Mean_AbsCoefficient,Std_AbsCoefficient
time_mav,0.6102103009419748,0.10635259126195312
time_zero_crossing_rate,0.4895159471261583,0.10859228032214097
freq_low_high_ratio,0.4282356079036272,0.1208171289055055
traditional_mnf,0.409952127066149,0.13092736882722478
traditional_rms,0.18079737535219548,0.09671762840891375
