{
  "Logistic Regression": {
    "Non-Fatigued": {
      "precision": [
        0.9,
        0.6875,
        0.4666666666666667,
        0.6666666666666666,
        1.0
      ],
      "recall": [
        0.75,
        1.0,
        1.0,
        0.5714285714285714,
        0.7142857142857143
      ],
      "f1-score": [
        0.8181818181818182,
        0.8148148148148148,
        0.6363636363636364,
        0.6153846153846154,
        0.8333333333333334
      ],
      "mean_precision": 0.7441666666666666,
      "mean_recall": 0.8071428571428572,
      "mean_f1": 0.7436156436156437
    },
    "Fatigued": {
      "precision": [
        0.5,
        1.0,
        1.0,
        0.625,
        0.6
      ],
      "recall": [
        0.75,
        0.375,
        0.2,
        0.7142857142857143,
        1.0
      ],
      "f1-score": [
        0.6,
        0.5454545454545454,
        0.3333333333333333,
        0.6666666666666666,
        0.75
      ],
      "mean_precision": 0.745,
      "mean_recall": 0.6078571428571429,
      "mean_f1": 0.5790909090909091
    }
  },
  "SVM": {
    "Non-Fatigued": {
      "precision": [
        0.7777777777777778,
        0.7333333333333333,
        0.4375,
        0.6,
        1.0
      ],
      "recall": [
        0.5833333333333334,
        1.0,
        1.0,
        0.42857142857142855,
        0.8571428571428571
      ],
      "f1-score": [
        0.6666666666666666,
        0.8461538461538461,
        0.6086956521739131,
        0.5,
        0.9230769230769231
      ],
      "mean_precision": 0.7097222222222223,
      "mean_recall": 0.7738095238095238,
      "mean_f1": 0.7089186176142699
    },
    "Fatigued": {
      "precision": [
        0.2857142857142857,
        1.0,
        1.0,
        0.5555555555555556,
        0.75
      ],
      "recall": [
        0.5,
        0.5,
        0.1,
        0.7142857142857143,
        1.0
      ],
      "f1-score": [
        0.36363636363636365,
        0.6666666666666666,
        0.18181818181818182,
        0.625,
        0.8571428571428571
      ],
      "mean_precision": 0.7182539682539681,
      "mean_recall": 0.562857142857143,
      "mean_f1": 0.5388528138528138
    }
  },
  "Random Forest": {
    "Non-Fatigued": {
      "precision": [
        0.875,
        0.6666666666666666,
        0.4117647058823529,
        0.5,
        0.8333333333333334
      ],
      "recall": [
        0.5833333333333334,
        0.7272727272727273,
        1.0,
        0.2857142857142857,
        0.7142857142857143
      ],
      "f1-score": [
        0.7,
        0.6956521739130435,
        0.5833333333333334,
        0.36363636363636365,
        0.7692307692307693
      ],
      "mean_precision": 0.6573529411764706,
      "mean_recall": 0.6621212121212121,
      "mean_f1": 0.6223705280227019
    },
    "Fatigued": {
      "precision": [
        0.375,
        0.5714285714285714,
        0.0,
        0.5,
        0.5
      ],
      "recall": [
        0.75,
        0.5,
        0.0,
        0.7142857142857143,
        0.6666666666666666
      ],
      "f1-score": [
        0.5,
        0.5333333333333333,
        0.0,
        0.5882352941176471,
        0.5714285714285714
      ],
      "mean_precision": 0.3892857142857143,
      "mean_recall": 0.5261904761904762,
      "mean_f1": 0.4385994397759104
    }
  },
  "XGBoost": {
    "Non-Fatigued": {
      "precision": [
        0.7777777777777778,
        0.6153846153846154,
        0.4375,
        0.6,
        1.0
      ],
      "recall": [
        0.5833333333333334,
        0.7272727272727273,
        1.0,
        0.42857142857142855,
        0.7142857142857143
      ],
      "f1-score": [
        0.6666666666666666,
        0.6666666666666666,
        0.6086956521739131,
        0.5,
        0.8333333333333334
      ],
      "mean_precision": 0.6861324786324786,
      "mean_recall": 0.6906926406926407,
      "mean_f1": 0.6550724637681159
    },
    "Fatigued": {
      "precision": [
        0.2857142857142857,
        0.5,
        1.0,
        0.5555555555555556,
        0.6
      ],
      "recall": [
        0.5,
        0.375,
        0.1,
        0.7142857142857143,
        1.0
      ],
      "f1-score": [
        0.36363636363636365,
        0.42857142857142855,
        0.18181818181818182,
        0.625,
        0.75
      ],
      "mean_precision": 0.5882539682539683,
      "mean_recall": 0.5378571428571428,
      "mean_f1": 0.4698051948051948
    }
  }
}