{
  "classifier_name": "Logistic Regression",
  "n_folds": 5,
  "feature_names": [
    "time_mav",
    "time_zero_crossing_rate",
    "freq_low_high_ratio",
    "traditional_rms",
    "traditional_mnf"
  ],
  "importance_per_fold": [
    [
      0.19937928299518498,
      0.6201810407170205,
      0.46624376082640817,
      0.68716333548756,
      0.08024017483810071
    ],
    [
      0.1991816035255255,
      0.5575381309313086,
      0.9562518900468486,
      0.6078861257840036,
      0.17255688251155668
    ],
    [
      0.2971358105611143,
      0.6102507138891137,
      0.7826342752681502,
      0.7580287260347569,
      0.1431415865864603
    ],
    [
      0.17187231670280115,
      0.8064851945558552,
      0.476136746316098,
      0.6466562582345645,
      0.030217058517790173
    ],
    [
      0.2853060773227414,
      0.6734811477433623,
      0.31621019859689187,
      0.8586934308825374,
      0.038366569116375725
    ]
  ],
  "importance_mean": [
    0.23057501822147347,
    0.653587245567332,
    0.5994953742108794,
    0.7116855752846846,
    0.09290445431405672
  ],
  "importance_std": [
    0.05065679708666561,
    0.08484457798993249,
    0.23411061613697937,
    0.08872820889236996,
    0.05644954076856816
  ],
  "importance_cv": [
    0.21969768214889018,
    0.1298136990162708,
    0.3905127982114787,
    0.12467332760595864,
    0.607608549284233
  ],
  "importance_min": [
    0.17187231670280115,
    0.5575381309313086,
    0.31621019859689187,
    0.6078861257840036,
    0.030217058517790173
  ],
  "importance_max": [
    0.2971358105611143,
    0.8064851945558552,
    0.9562518900468486,
    0.8586934308825374,
    0.17255688251155668
  ],
  "top_20_features": [
    {
      "feature_name": "traditional_rms",
      "mean_importance": 0.7116855752846846,
      "std_importance": 0.08872820889236996,
      "cv": 0.12467332760595864,
      "min_importance": 0.6078861257840036,
      "max_importance": 0.8586934308825374
    },
    {
      "feature_name": "time_zero_crossing_rate",
      "mean_importance": 0.653587245567332,
      "std_importance": 0.08484457798993249,
      "cv": 0.1298136990162708,
      "min_importance": 0.5575381309313086,
      "max_importance": 0.8064851945558552
    },
    {
      "feature_name": "freq_low_high_ratio",
      "mean_importance": 0.5994953742108794,
      "std_importance": 0.23411061613697937,
      "cv": 0.3905127982114787,
      "min_importance": 0.31621019859689187,
      "max_importance": 0.9562518900468486
    },
    {
      "feature_name": "time_mav",
      "mean_importance": 0.23057501822147347,
      "std_importance": 0.05065679708666561,
      "cv": 0.21969768214889018,
      "min_importance": 0.17187231670280115,
      "max_importance": 0.2971358105611143
    },
    {
      "feature_name": "traditional_mnf",
      "mean_importance": 0.09290445431405672,
      "std_importance": 0.05644954076856816,
      "cv": 0.607608549284233,
      "min_importance": 0.030217058517790173,
      "max_importance": 0.17255688251155668
    }
  ]
}