{
  "classifier_name": "Logistic Regression",
  "n_folds": 5,
  "feature_names": [
    "time_mav",
    "time_zero_crossing_rate",
    "freq_low_high_ratio",
    "traditional_rms",
    "traditional_mnf"
  ],
  "folds": [
    {
      "fold_number": 1,
      "test_subjects": [
        "anupam",
        "haoyu",
        "memory",
        "veronica",
        "xiwen"
      ],
      "test_indices": [
        6,
        7,
        12,
        13,
        26,
        27,
        32,
        33,
        45,
        46,
        72,
        73,
        76,
        77,
        80,
        81,
        84,
        85
      ],
      "y_true": [
        0,
        1,
        0,
        1,
        0,
        1,
        0,
        1,
        0,
        1,
        0,
        1,
        0,
        1,
        0,
        1,
        0,
        1
      ],
      "y_pred": [
        0,
        1,
        0,
        0,
        0,
        1,
        0,
        0,
        0,
        1,
        0,
        1,
        1,
        1,
        0,
        1,
        1,
        1
      ],
      "y_pred_proba": [
        0.37428072571066107,
        0.8620970281434961,
        0.21420530329313775,
        0.3176975661481928,
        0.21659203538040128,
        0.57518708952839,
        0.43198793420613607,
        0.33738355814715293,
        0.39786785731924446,
        0.5830694219579581,
        0.3352652498696843,
        0.6886269282674686,
        0.6983316809683628,
        0.5408265006604434,
        0.3953340768719088,
        0.6944037290865022,
        0.5327497450442779,
        0.9295048285816928
      ],
      "subjects": [
        "haoyu",
        "haoyu",
        "xiwen",
        "xiwen",
        "xiwen",
        "xiwen",
        "haoyu",
        "haoyu",
        "haoyu",
        "haoyu",
        "anupam",
        "anupam",
        "veronica",
        "veronica",
        "memory",
        "memory",
        "xiwen",
        "xiwen"
      ],
      "metrics": {
        "accuracy": 0.7777777777777778,
        "precision": 0.7777777777777778,
        "recall": 0.7777777777777778,
        "f1": 0.7777777777777778,
        "auc": 0.7777777777777778
      }
    },
    {
      "fold_number": 2,
      "test_subjects": [
        "bert",
        "pragna",
        "weifan",
        "yang",
        "yibo"
      ],
      "test_indices": [
        4,
        5,
        16,
        17,
        28,
        29,
        38,
        39,
        60,
        61,
        66,
        67,
        68,
        69,
        74,
        75,
        86,
        87
      ],
      "y_true": [
        0,
        1,
        1,
        1,
        0,
        1,
        0,
        1,
        0,
        1,
        0,
        1,
        0,
        1,
        0,
        1,
        0,
        1
      ],
      "y_pred": [
        1,
        1,
        1,
        1,
        0,
        1,
        1,
        1,
        0,
        1,
        0,
        1,
        0,
        1,
        1,
        0,
        0,
        1
      ],
      "y_pred_proba": [
        0.598974739667142,
        0.7793294445282744,
        0.6973575105161507,
        0.8515111551787004,
        0.3784589814503048,
        0.6746610269096907,
        0.6758915771648437,
        0.636368313344965,
        0.1714288884679662,
        0.9976210766073512,
        0.3063251471952518,
        0.7140360393737667,
        0.29993102634957824,
        0.7932927100677639,
        0.6016389442692054,
        0.05530802978118142,
        0.4988234666406211,
        0.6551527560244482
      ],
      "subjects": [
        "yibo",
        "yibo",
        "weifan",
        "weifan",
        "yibo",
        "yibo",
        "weifan",
        "weifan",
        "bert",
        "bert",
        "weifan",
        "weifan",
        "yang",
        "yang",
        "pragna",
        "pragna",
        "yibo",
        "yibo"
      ],
      "metrics": {
        "accuracy": 0.7777777777777778,
        "precision": 0.75,
        "recall": 0.9,
        "f1": 0.8181818181818182,
        "auc": 0.8624999999999999
      }
    },
    {
      "fold_number": 3,
      "test_subjects": [
        "ari",
        "george",
        "jiangyifei",
        "jiasi",
        "qiushi"
      ],
      "test_indices": [
        10,
        11,
        14,
        15,
        24,
        25,
        36,
        37,
        48,
        49,
        50,
        51,
        54,
        55,
        58,
        59,
        64,
        65
      ],
      "y_true": [
        0,
        1,
        0,
        1,
        0,
        1,
        0,
        1,
        0,
        1,
        0,
        1,
        0,
        1,
        0,
        1,
        0,
        1
      ],
      "y_pred": [
        1,
        1,
        0,
        1,
        1,
        1,
        0,
        1,
        0,
        1,
        1,
        1,
        0,
        1,
        1,
        0,
        0,
        1
      ],
      "y_pred_proba": [
        0.6962483512060522,
        0.5909514765368458,
        0.18453250084650938,
        0.5614360938630966,
        0.536687411877099,
        0.5033600519130257,
        0.35590428857538264,
        0.9147641484723621,
        0.09479202982639405,
        0.6246472986100878,
        0.6656730224829603,
        0.7877806670488164,
        0.4990766050943929,
        0.5551444639721012,
        0.8475569933677686,
        0.4675268146861858,
        0.17029256424387934,
        0.5352503863496961
      ],
      "subjects": [
        "ari",
        "ari",
        "jiangyifei",
        "jiangyifei",
        "ari",
        "ari",
        "jiangyifei",
        "jiangyifei",
        "jiangyifei",
        "jiangyifei",
        "ari",
        "ari",
        "qiushi",
        "qiushi",
        "jiasi",
        "jiasi",
        "george",
        "george"
      ],
      "metrics": {
        "accuracy": 0.7222222222222222,
        "precision": 0.6666666666666666,
        "recall": 0.8888888888888888,
        "f1": 0.7619047619047619,
        "auc": 0.6790123456790124
      }
    },
    {
      "fold_number": 4,
      "test_subjects": [
        "aditi",
        "david",
        "haozhe",
        "seungjoo",
        "yifeng"
      ],
      "test_indices": [
        8,
        9,
        18,
        19,
        30,
        31,
        34,
        35,
        40,
        43,
        44,
        52,
        53,
        56,
        57,
        62,
        63
      ],
      "y_true": [
        0,
        1,
        0,
        1,
        0,
        1,
        0,
        1,
        1,
        0,
        1,
        0,
        1,
        0,
        1,
        0,
        1
      ],
      "y_pred": [
        0,
        1,
        0,
        1,
        1,
        0,
        0,
        1,
        0,
        0,
        1,
        1,
        1,
        0,
        0,
        0,
        1
      ],
      "y_pred_proba": [
        0.34679683157678526,
        0.9068885335650625,
        0.47609530577203063,
        0.8811786997678286,
        0.5377993843845597,
        0.486909240977806,
        0.32660958175324856,
        0.6109486544592417,
        0.42735455275704204,
        0.24145576441662533,
        0.658950183076524,
        0.8346396709262228,
        0.7475311392178022,
        0.0711802557921112,
        0.16014566248022521,
        0.408964108736301,
        0.7258706499714686
      ],
      "subjects": [
        "aditi",
        "aditi",
        "david",
        "david",
        "aditi",
        "aditi",
        "david",
        "david",
        "aditi",
        "david",
        "david",
        "haozhe",
        "haozhe",
        "yifeng",
        "yifeng",
        "seungjoo",
        "seungjoo"
      ],
      "metrics": {
        "accuracy": 0.7058823529411765,
        "precision": 0.75,
        "recall": 0.6666666666666666,
        "f1": 0.7058823529411765,
        "auc": 0.7777777777777777
      }
    },
    {
      "fold_number": 5,