Feature,Mean_Importance,Std_Importance,CV,Min_Importance,Max_Importance
time_zero_crossing_rate,0.2663510342300044,0.01880680735747763,0.0706091020250228,0.24648328738606212,0.2972946948598365
time_mav,0.2280782749427266,0.019931906793352692,0.08739064161029272,0.20056925722946917,0.25512253798115236
traditional_rms,0.18517845171212088,0.022303035935754424,0.1204407733054315,0.14406560682740208,0.2038894964437758
traditional_mnf,0.17495327710090597,0.03310384509244885,0.18921534721772804,0.11490952961859474,0.21011146247056361
freq_low_high_ratio,0.14543896201424228,0.02324574578330318,0.15983162589570496,0.11870487022694423,0.182813028663228
