Feature,Mean_Importance,Std_Importance,CV,Min_Importance,Max_Importance
traditional_rms,0.7116855752846846,0.08872820889236996,0.12467332760595864,0.6078861257840036,0.8586934308825374
time_zero_crossing_rate,0.653587245567332,0.08484457798993249,0.1298136990162708,0.5575381309313086,0.8064851945558552
freq_low_high_ratio,0.5994953742108794,0.23411061613697937,0.3905127982114787,0.31621019859689187,0.9562518900468486
time_mav,0.23057501822147347,0.05065679708666561,0.21969768214889018,0.17187231670280115,0.2971358105611143
traditional_mnf,0.09290445431405672,0.05644954076856816,0.607608549284233,0.030217058517790173,0.17255688251155668
