Feature,Mean_Importance,Std_Importance,CV,Min_Importance,Max_Importance
time_zero_crossing_rate,0.29290596,0.057428908,0.19606602,0.20800707,0.38358024
time_mav,0.2560225,0.022926925,0.08955043,0.23018257,0.29889148
freq_low_high_ratio,0.17688432,0.02126686,0.12023033,0.1502319,0.20457032
traditional_rms,0.13757691,0.04309573,0.31324828,0.077610545,0.19617847
traditional_mnf,0.1366103,0.045011457,0.329488,0.09005437,0.21562535
