Feature,Mean_Importance,Std_Importance
traditional_mnf,0.3836545,0.11850243
time_zero_crossing_rate,0.18546152,0.102349214
time_mav,0.1836336,0.023072967
freq_low_high_ratio,0.13711843,0.021972474
traditional_rms,0.11013194,0.032871287
