Feature,Mean_Importance,Std_Importance
traditional_mnf,0.30307262500238963,0.026083632246496076
time_zero_crossing_rate,0.23604008343936894,0.028460084493719614
traditional_rms,0.15979050229683217,0.03271493577274109
time_mav,0.15561542597741693,0.02963267717092082
freq_low_high_ratio,0.14548136328399228,0.032991186156691714
