Feature,Mean_AbsCoefficient,Std_AbsCoefficient
traditional_rms,0.46691522374983696,0.1807673344744868
time_mav,0.23818618347721024,0.07713275722039732
time_zero_crossing_rate,0.2244771938934062,0.15642757113029626
freq_low_high_ratio,0.22379725345456042,0.11994630489076917
traditional_mnf,0.21297163486786727,0.2510941904900286
