Fold,time_mav,time_zero_crossing_rate,freq_low_high_ratio,traditional_rms,traditional_mnf
1,0.3008667785182685,0.047917940670379744,0.41762262172275927,0.7688530458446835,0.2635076399124803
2,0.11952727826665209,0.4756636738801831,0.04489882907424289,0.2087703709043793,0.0016950490115199579
3,0.17648970822732052,0.06798991446429554,0.25689342250303815,0.40198980133002066,0.6823516597139997
4,0.27456933625738983,0.2763914063016882,0.19222942274079122,0.4536033030222775,0.05147493504858332
5,0.3194778161164203,0.2544230341504844,0.2073419712319706,0.5013595976478241,0.0658288906527532
