Fold,time_mav,time_zero_crossing_rate,freq_low_high_ratio,traditional_rms,traditional_mnf
1,0.17251584,0.14302354,0.13542557,0.12482194,0.42421308
2,0.1714073,0.118951686,0.17594288,0.064315714,0.46938238
3,0.1577088,0.14167199,0.14164223,0.07834313,0.48063383
4,0.19241048,0.38944367,0.113489404,0.14858967,0.15606673
5,0.22412549,0.13421673,0.11909211,0.13458925,0.38797638
