Fold,time_mav,time_zero_crossing_rate,freq_low_high_ratio,traditional_rms,traditional_mnf
1,0.17426210775502254,0.23531014158784114,0.08975552110004348,0.20419135413542416,0.2964808754216687
2,0.15530289519301615,0.24787311874225768,0.14401479369993325,0.10524460902084894,0.347564583343944
3,0.17076348975788977,0.19788817258827957,0.16957992975068428,0.1782579617242822,0.2835104461788642
4,0.09854636193888944,0.2818750240476596,0.1865866786193201,0.15943498755516708,0.27355694783896384
5,0.17920227524226676,0.21725396023080687,0.13746989324998032,0.15182359904843856,0.31425027222850754
