{
  "Logistic Regression": {
    "Non-Fatigued": {
      "precision": [
        0.75,
        0.6666666666666666,
        0.6363636363636364,
        0.5833333333333334,
        0.8571428571428571
      ],
      "recall": [
        0.25,
        0.36363636363636365,
        1.0,
        1.0,
        0.8571428571428571
      ],
      "f1-score": [
        0.375,
        0.47058823529411764,
        0.7777777777777778,
        0.7368421052631579,
        0.8571428571428571
      ],
      "mean_precision": 0.6987012987012987,
      "mean_recall": 0.6941558441558442,
      "mean_f1": 0.6434701950955821
    },
    "Fatigued": {
      "precision": [
        0.25,
        0.46153846153846156,
        1.0,
        1.0,
        0.6666666666666666
      ],
      "recall": [
        0.75,
        0.75,
        0.6,
        0.2857142857142857,
        0.6666666666666666
      ],
      "f1-score": [
        0.375,
        0.5714285714285714,
        0.75,
        0.4444444444444444,
        0.6666666666666666
      ],
      "mean_precision": 0.6756410256410257,
      "mean_recall": 0.6104761904761904,
      "mean_f1": 0.5615079365079365
    }
  },
  "SVM": {
    "Non-Fatigued": {
      "precision": [
        0.8333333333333334,
        0.5454545454545454,
        0.5384615384615384,
        0.5384615384615384,
        0.7777777777777778
      ],
      "recall": [
        0.4166666666666667,
        0.5454545454545454,
        1.0,
        1.0,
        1.0
      ],
      "f1-score": [
        0.5555555555555556,
        0.5454545454545454,
        0.7,
        0.7,
        0.875
      ],
      "mean_precision": 0.6466977466977466,
      "mean_recall": 0.7924242424242424,
      "mean_f1": 0.6752020202020201
    },
    "Fatigued": {
      "precision": [
        0.3,
        0.375,
        1.0,
        1.0,
        1.0
      ],
      "recall": [
        0.75,
        0.375,
        0.4,
        0.14285714285714285,
        0.3333333333333333
      ],
      "f1-score": [
        0.42857142857142855,
        0.375,
        0.5714285714285714,
        0.25,
        0.5
      ],
      "mean_precision": 0.735,
      "mean_recall": 0.4002380952380952,
      "mean_f1": 0.425
    }
  },
  "Random Forest": {
    "Non-Fatigued": {
      "precision": [
        0.8888888888888888,
        0.75,
        0.5384615384615384,
        0.5,
        0.7777777777777778
      ],
      "recall": [
        0.6666666666666666,
        0.5454545454545454,
        1.0,
        0.8571428571428571,
        1.0
      ],
      "f1-score": [
        0.7619047619047619,
        0.631578947368421,
        0.7,
        0.631578947368421,
        0.875
      ],
      "mean_precision": 0.691025641025641,
      "mean_recall": 0.8138528138528137,
      "mean_f1": 0.7200125313283208
    },
    "Fatigued": {
      "precision": [
        0.42857142857142855,
        0.5454545454545454,
        1.0,
        0.5,
        1.0
      ],
      "recall": [
        0.75,
        0.75,
        0.4,
        0.14285714285714285,
        0.3333333333333333
      ],
      "f1-score": [
        0.5454545454545454,
        0.631578947368421,
        0.5714285714285714,
        0.2222222222222222,
        0.5
      ],
      "mean_precision": 0.6948051948051948,
      "mean_recall": 0.47523809523809524,
      "mean_f1": 0.49413685729475204
    }
  },
  "XGBoost": {
    "Non-Fatigued": {
      "precision": [
        0.9090909090909091,
        0.75,
        0.6363636363636364,
        0.45454545454545453,
        0.7777777777777778
      ],
      "recall": [
        0.8333333333333334,
        0.5454545454545454,
        1.0,
        0.7142857142857143,
        1.0
      ],
      "f1-score": [
        0.8695652173913043,
        0.631578947368421,
        0.7777777777777778,
        0.5555555555555556,
        0.875
      ],
      "mean_precision": 0.7055555555555555,
      "mean_recall": 0.8186147186147187,
      "mean_f1": 0.7418954996186118
    },
    "Fatigued": {
      "precision": [
        0.6,
        0.5454545454545454,
        1.0,
        0.3333333333333333,
        1.0
      ],
      "recall": [
        0.75,
        0.75,
        0.6,
        0.14285714285714285,
        0.3333333333333333
      ],
      "f1-score": [
        0.6666666666666666,
        0.631578947368421,
        0.75,
        0.2,
        0.5
      ],
      "mean_precision": 0.6957575757575758,
      "mean_recall": 0.5152380952380953,
      "mean_f1": 0.5496491228070176
    }
  }
}