{
  "classifier_name": "Logistic Regression",
  "n_folds": 5,
  "feature_names": [
    "time_mav",
    "time_zero_crossing_rate",
    "freq_low_high_ratio",
    "chaos_rqa_entr",
    "chaos_rqa_v_entr",
    "traditional_rms",
    "traditional_mnf"
  ],
  "importance_per_fold": [
    [
      0.22142247036631166,
      0.610199848975281,
      0.49714490605046485,
      0.5282343321713785,
      0.5081243335461508,
      0.6805089706486437,
      0.0736844994939807
    ],
    [
      0.2214159838596915,
      0.5782485714945625,
      0.999862683844217,
      0.30159505176769874,
      0.41499373535089074,
      0.5861845652902189,
      0.2734304676532737
    ],
    [
      0.31373206530545256,
      0.6255320765501706,
      0.869767236231662,
      0.4248508467117521,
      0.4892168046126764,
      0.7383665546871732,
      0.2209055506628524
    ],
    [
      0.17573651022319187,
      0.8620953217326399,
      0.5279709167146649,
      0.28989166922627185,
      0.43224957749147713,
      0.6132977524286658,
      0.10871153397414708
    ],
    [
      0.2936952072417176,
      0.7058032128520118,
      0.3538478382457972,
      0.15342080608428896,
      0.3252497809880953,
      0.8383752026188601,
      0.09098776849166258
    ]
  ],
  "importance_mean": [
    0.24520044739927305,
    0.6763758063209332,
    0.6497187162173612,
    0.33959854119227806,
    0.43396684639785804,
    0.6913466091347124,
    0.15354396405518328
  ],
  "importance_std": [
    0.05099932519291454,
    0.10193233742261593,
    0.24358284828378934,
    0.1276155199133132,
    0.06439599218817331,
    0.09066026305753809,
    0.0790077408430742
  ],
  "importance_cv": [
    0.20799034305622846,
    0.1507037011894239,
    0.3749050814857687,
    0.3757834748868369,
    0.14838919771833572,
    0.1311357600464616,
    0.5145610332375092
  ],
  "importance_min": [
    0.17573651022319187,
    0.5782485714945625,
    0.3538478382457972,
    0.15342080608428896,
    0.3252497809880953,
    0.5861845652902189,
    0.0736844994939807
  ],
  "importance_max": [
    0.31373206530545256,
    0.8620953217326399,
    0.999862683844217,
    0.5282343321713785,
    0.5081243335461508,
    0.8383752026188601,
    0.2734304676532737
  ],
  "top_20_features": [
    {
      "feature_name": "traditional_rms",
      "mean_importance": 0.6913466091347124,
      "std_importance": 0.09066026305753809,
      "cv": 0.1311357600464616,
      "min_importance": 0.5861845652902189,
      "max_importance": 0.8383752026188601
    },
    {
      "feature_name": "time_zero_crossing_rate",
      "mean_importance": 0.6763758063209332,
      "std_importance": 0.10193233742261593,
      "cv": 0.1507037011894239,
      "min_importance": 0.5782485714945625,
      "max_importance": 0.8620953217326399
    },
    {
      "feature_name": "freq_low_high_ratio",
      "mean_importance": 0.6497187162173612,
      "std_importance": 0.24358284828378934,
      "cv": 0.3749050814857687,
      "min_importance": 0.3538478382457972,
      "max_importance": 0.999862683844217
    },
    {
      "feature_name": "chaos_rqa_v_entr",
      "mean_importance": 0.43396684639785804,
      "std_importance": 0.06439599218817331,
      "cv": 0.14838919771833572,
      "min_importance": 0.3252497809880953,
      "max_importance": 0.5081243335461508
    },
    {
      "feature_name": "chaos_rqa_entr",
      "mean_importance": 0.33959854119227806,
      "std_importance": 0.1276155199133132,
      "cv": 0.3757834748868369,
      "min_importance": 0.15342080608428896,
      "max_importance": 0.5282343321713785
    },
    {
      "feature_name": "time_mav",
      "mean_importance": 0.24520044739927305,
      "std_importance": 0.05099932519291454,
      "cv": 0.20799034305622846,
      "min_importance": 0.17573651022319187,
      "max_importance": 0.31373206530545256
    },
    {
      "feature_name": "traditional_mnf",
      "mean_importance": 0.15354396405518328,
      "std_importance": 0.0790077408430742,
      "cv": 0.5145610332375092,
      "min_importance": 0.0736844994939807,
      "max_importance": 0.2734304676532737
    }
  ]
}