{
  "classifier_name": "Logistic Regression",
  "n_folds": 5,
  "feature_names": [
    "time_mav",
    "time_zero_crossing_rate",
    "freq_low_high_ratio",
    "chaos_rqa_entr",
    "chaos_rqa_v_entr",
    "traditional_rms",
    "traditional_mnf"
  ],
  "folds": [
    {
      "fold_number": 1,
      "test_subjects": [
        "anupam",
        "haoyu",
        "memory",
        "veronica",
        "xiwen"
      ],
      "test_indices": [
        6,
        7,
        12,
        13,
        26,
        27,
        32,
        33,
        45,
        46,
        72,
        73,
        76,
        77,
        80,
        81,
        84,
        85
      ],
      "y_true": [
        0,
        1,
        0,
        1,
        0,
        1,
        0,
        1,
        0,
        1,
        0,
        1,
        0,
        1,
        0,
        1,
        0,
        1
      ],
      "y_pred": [
        0,
        1,
        0,
        0,
        0,
        1,
        0,
        0,
        0,
        1,
        0,
        1,
        1,
        1,
        0,
        1,
        1,
        1
      ],
      "y_pred_proba": [
        0.36725049963306067,
        0.8689367853387565,
        0.418754502369806,
        0.36023659791978846,
        0.3187500724279285,
        0.5814565831431057,
        0.4202488417680011,
        0.32304579018019836,
        0.3835161263813561,
        0.5857192565538019,
        0.3256636874552148,
        0.6962018783292274,
        0.6865446995662722,
        0.5418962509203263,
        0.3810959967157372,
        0.6773344057501486,
        0.5032393152789328,
        0.9373091526085118
      ],
      "subjects": [
        "haoyu",
        "haoyu",
        "xiwen",
        "xiwen",
        "xiwen",
        "xiwen",
        "haoyu",
        "haoyu",
        "haoyu",
        "haoyu",
        "anupam",
        "anupam",
        "veronica",
        "veronica",
        "memory",
        "memory",
        "xiwen",
        "xiwen"
      ],
      "metrics": {
        "accuracy": 0.7777777777777778,
        "precision": 0.7777777777777778,
        "recall": 0.7777777777777778,
        "f1": 0.7777777777777778,
        "auc": 0.7654320987654322
      }
    },
    {
      "fold_number": 2,
      "test_subjects": [
        "bert",
        "pragna",
        "weifan",
        "yang",
        "yibo"
      ],
      "test_indices": [
        4,
        5,
        16,
        17,
        28,
        29,
        38,
        39,
        60,
        61,
        66,
        67,
        68,
        69,
        74,
        75,
        86,
        87
      ],
      "y_true": [
        0,
        1,
        1,
        1,
        0,
        1,
        0,
        1,
        0,
        1,
        0,
        1,
        0,
        1,
        0,
        1,
        0,
        1
      ],
      "y_pred": [
        1,
        1,
        1,
        1,
        0,
        1,
        1,
        1,
        0,
        1,
        0,
        1,
        0,
        1,
        1,
        0,
        0,
        1
      ],
      "y_pred_proba": [
        0.6059434975490243,
        0.8046237850968809,
        0.7006890206394158,
        0.8365540586678473,
        0.36419089962268053,
        0.6734706937362832,
        0.6505356575336904,
        0.5887145177551881,
        0.17220419770723644,
        0.9975950266577882,
        0.28692562770267843,
        0.6710396962304123,
        0.3053561685743548,
        0.801276189273183,
        0.5926341890709873,
        0.05700742249633529,
        0.48926504553938205,
        0.6878329379970016
      ],
      "subjects": [
        "yibo",
        "yibo",
        "weifan",
        "weifan",
        "yibo",
        "yibo",
        "weifan",
        "weifan",
        "bert",
        "bert",
        "weifan",
        "weifan",
        "yang",
        "yang",
        "pragna",
        "pragna",
        "yibo",
        "yibo"
      ],
      "metrics": {
        "accuracy": 0.7777777777777778,
        "precision": 0.75,
        "recall": 0.9,
        "f1": 0.8181818181818182,
        "auc": 0.8625
      }
    },
    {
      "fold_number": 3,
      "test_subjects": [
        "ari",
        "george",
        "jiangyifei",
        "jiasi",
        "qiushi"
      ],
      "test_indices": [
        10,
        11,
        14,
        15,
        24,
        25,
        36,
        37,
        48,
        49,
        50,
        51,
        54,
        55,
        58,
        59,
        64,
        65
      ],
      "y_true": [
        0,
        1,
        0,
        1,
        0,
        1,
        0,
        1,
        0,
        1,
        0,
        1,
        0,
        1,
        0,
        1,
        0,
        1
      ],
      "y_pred": [
        1,
        1,
        0,
        1,
        1,
        0,
        0,
        1,
        0,
        1,
        1,
        1,
        0,
        1,
        1,
        0,
        0,
        1
      ],
      "y_pred_proba": [
        0.6952351822182568,
        0.5759163513766176,
        0.18086719305420698,
        0.5674762897888233,
        0.5171268521377824,
        0.49689967407822944,
        0.3605121746640052,
        0.9192754530687683,
        0.09192230889607002,
        0.595035739354585,
        0.6540043752662495,
        0.7500496758217761,
        0.44412602868278195,
        0.5265687360634245,
        0.8473496036582331,
        0.47541905652266286,
        0.18827306832585478,
        0.5359765267118298
      ],
      "subjects": [
        "ari",
        "ari",
        "jiangyifei",
        "jiangyifei",
        "ari",
        "ari",
        "jiangyifei",
        "jiangyifei",
        "jiangyifei",
        "jiangyifei",
        "ari",
        "ari",
        "qiushi",
        "qiushi",
        "jiasi",
        "jiasi",
        "george",
        "george"
      ],
      "metrics": {
        "accuracy": 0.6666666666666666,
        "precision": 0.6363636363636364,
        "recall": 0.7777777777777778,
        "f1": 0.7,
        "auc": 0.7037037037037037
      }
    },
    {
      "fold_number": 4,
      "test_subjects": [
        "aditi",
        "david",
        "haozhe",
        "seungjoo",
        "yifeng"
      ],
      "test_indices": [
        8,
        9,
        18,
        19,
        30,
        31,
        34,
        35,
        40,
        43,
        44,
        52,
        53,
        56,
        57,
        62,
        63
      ],
      "y_true": [
        0,
        1,
        0,
        1,
        0,
        1,
        0,
        1,
        1,
        0,
        1,
        0,
        1,
        0,
        1,
        0,
        1
      ],
      "y_pred": [
        0,
        1,
        1,
        1,
        1,
        1,
        0,
        1,
        0,
        0,
        1,
        1,
        1,
        0,
        0,
        0,
        1
      ],
      "y_pred_proba": [
        0.3907485108234482,
        0.9203684079139609,
        0.5686910134648226,
        0.9290453462369909,
        0.6054714968216567,
        0.5319121919851424,
        0.39101279915229353,
        0.675614524543967,
        0.4974148390892731,
        0.28049863050400836,
        0.6969997634042469,
        0.8157099090404676,
        0.741539329346825,
        0.06233921119098297,
        0.14935934070715448,
        0.3553719070428366,
        0.7190085627894319
      ],
      "subjects": [
        "aditi",
        "aditi",
        "david",
        "david",
        "aditi",
        "aditi",
        "david",
        "david",
        "aditi",
        "david",
        "david",
        "haozhe",
        "haozhe",
        "yifeng",
        "yifeng",
        "seungjoo",
        "seungjoo"
      ],
      "metrics": {
        "accuracy": 0.7058823529411765,
        "precision": 0.7,
        "recall": 0.7777777777777778,
        "f1": 0.7368421052631579,
        "auc": 0.7638888888888888
      }
    },
    {
      "fold_number": 5,