Feature,Mean_Importance,Std_Importance,CV,Min_Importance,Max_Importance
time_zero_crossing_rate,0.22978616,0.03423879,0.14900284,0.18432853,0.28895298
time_mav,0.21280453,0.027908772,0.13114746,0.18568985,0.2662661
freq_low_high_ratio,0.1340519,0.030261366,0.22574365,0.10563171,0.18139754
traditional_mnf,0.11461325,0.021397192,0.18669039,0.089186095,0.14505182
chaos_rqa_v_entr,0.10461639,0.010507412,0.10043754,0.08734618,0.11810698
chaos_rqa_entr,0.10362072,0.045805942,0.44205388,0.07416606,0.19431843
traditional_rms,0.10050704,0.060337275,0.6003288,0.0,0.18780622
