Fold,time_mav,time_zero_crossing_rate,freq_low_high_ratio,chaos_rqa_entr,chaos_rqa_v_entr,chaos_dfa_exp,traditional_rms,traditional_mnf
1,0.5445091729113604,0.8732735981104823,0.22883020850159846,0.17016505949404515,0.08577342714167817,0.35883464803753806,0.16267058771609055,0.4515354753715236
2,0.6111140442921658,0.603446402015407,0.39833098679984746,0.04056744925067996,0.1390415290441934,0.21059436524954778,0.1400008817455,0.2915375653139186
3,0.04087655033153693,0.5936793754750458,0.4948817157014759,0.12081924761115521,0.15152148668156065,0.6100690807466645,0.05312640174038599,0.056226755366444094
4,0.58653898782318,0.8236342972935663,0.6132812947011083,0.280964753799872,0.21147793037595997,0.40537661996628044,0.2616855109337661,0.513602176746457
5,0.6683235682953715,0.7165703345795885,0.44441699572244914,0.10090177657019576,0.20894642473939112,0.5767344297185292,0.1431541978859672,0.0868854109705235
