Fold,time_mav,time_zero_crossing_rate,freq_low_high_ratio,chaos_rqa_entr,chaos_rqa_v_entr,chaos_dfa_exp,traditional_rms,traditional_mnf
1,0.05497596,0.55935204,0.06606938,0.040967416,0.0757768,0.051953204,0.04272947,0.108175814
2,0.03255578,0.3585265,0.034745093,0.035681557,0.24817389,0.081765905,0.091204256,0.11734699
3,0.05770212,0.415361,0.051349584,0.04778256,0.20128644,0.11414975,0.0604157,0.05195289
4,0.0628926,0.47770825,0.043801297,0.057783384,0.22039767,0.044035528,0.023861853,0.06951942
5,0.034942843,0.4233974,0.058467273,0.07057798,0.14848833,0.099581406,0.0527993,0.111745454
