{
  "Logistic Regression": {
    "Non-Fatigued": {
      "precision": [
        0.8461538461538461,
        0.8461538461538461,
        0.7,
        1.0,
        1.0
      ],
      "recall": [
        0.9166666666666666,
        1.0,
        1.0,
        0.8571428571428571,
        0.8571428571428571
      ],
      "f1-score": [
        0.88,
        0.9166666666666666,
        0.8235294117647058,
        0.9230769230769231,
        0.9230769230769231
      ],
      "mean_precision": 0.8784615384615385,
      "mean_recall": 0.9261904761904761,
      "mean_f1": 0.8932699849170438
    },
    "Fatigued": {
      "precision": [
        0.5,
        1.0,
        0.0,
        0.75,
        0.6666666666666666
      ],
      "recall": [
        0.3333333333333333,
        0.3333333333333333,
        0.0,
        1.0,
        1.0
      ],
      "f1-score": [
        0.4,
        0.5,
        0.0,
        0.8571428571428571,
        0.8
      ],
      "mean_precision": 0.5833333333333333,
      "mean_recall": 0.5333333333333333,
      "mean_f1": 0.5114285714285713
    }
  },
  "SVM": {
    "Non-Fatigued": {
      "precision": [
        0.8333333333333334,
        0.7857142857142857,
        0.7,
        1.0,
        0.8571428571428571
      ],
      "recall": [
        0.8333333333333334,
        1.0,
        1.0,
        0.7142857142857143,
        0.8571428571428571
      ],
      "f1-score": [
        0.8333333333333334,
        0.88,
        0.8235294117647058,
        0.8333333333333334,
        0.8571428571428571
      ],
      "mean_precision": 0.8352380952380951,
      "mean_recall": 0.880952380952381,
      "mean_f1": 0.845467787114846
    },
    "Fatigued": {
      "precision": [
        0.3333333333333333,
        0.0,
        0.0,
        0.6,
        0.5
      ],
      "recall": [
        0.3333333333333333,
        0.0,
        0.0,
        1.0,
        0.5
      ],
      "f1-score": [
        0.3333333333333333,
        0.0,
        0.0,
        0.75,
        0.5
      ],
      "mean_precision": 0.2866666666666667,
      "mean_recall": 0.36666666666666664,
      "mean_f1": 0.31666666666666665
    }
  },
  "Random Forest": {
    "Non-Fatigued": {
      "precision": [
        0.8461538461538461,
        0.7692307692307693,
        0.7,
        1.0,
        1.0
      ],
      "recall": [
        0.9166666666666666,
        0.9090909090909091,
        1.0,
        0.5714285714285714,
        0.8571428571428571
      ],
      "f1-score": [
        0.88,
        0.8333333333333334,
        0.8235294117647058,
        0.7272727272727273,
        0.9230769230769231
      ],
      "mean_precision": 0.8630769230769231,
      "mean_recall": 0.8508658008658008,
      "mean_f1": 0.8374424790895381
    },
    "Fatigued": {
      "precision": [
        0.5,
        0.0,
        0.0,
        0.5,
        0.6666666666666666
      ],
      "recall": [
        0.3333333333333333,
        0.0,
        0.0,
        1.0,
        1.0
      ],
      "f1-score": [
        0.4,
        0.0,
        0.0,
        0.6666666666666666,
        0.8
      ],
      "mean_precision": 0.3333333333333333,
      "mean_recall": 0.4666666666666666,
      "mean_f1": 0.37333333333333335
    }
  },
  "XGBoost": {
    "Non-Fatigued": {
      "precision": [
        0.8461538461538461,
        0.9090909090909091,
        0.7777777777777778,
        1.0,
        1.0
      ],
      "recall": [
        0.9166666666666666,
        0.9090909090909091,
        1.0,
        0.42857142857142855,
        0.8571428571428571
      ],
      "f1-score": [
        0.88,
        0.9090909090909091,
        0.875,
        0.6,
        0.9230769230769231
      ],
      "mean_precision": 0.9066045066045068,
      "mean_recall": 0.8222943722943722,
      "mean_f1": 0.8374335664335664
    },
    "Fatigued": {
      "precision": [
        0.5,
        0.6666666666666666,
        1.0,
        0.42857142857142855,
        0.6666666666666666
      ],
      "recall": [
        0.3333333333333333,
        0.6666666666666666,
        0.3333333333333333,
        1.0,
        1.0
      ],
      "f1-score": [
        0.4,
        0.6666666666666666,
        0.5,
        0.6,
        0.8
      ],
      "mean_precision": 0.6523809523809523,
      "mean_recall": 0.6666666666666666,
      "mean_f1": 0.5933333333333334
    }
  }
}