Feature,Mean_Importance,Std_Importance,CV,Min_Importance,Max_Importance
time_zero_crossing_rate,0.58510172738132,0.11117617900995204,0.1900117087135099,0.47664103958276277,0.789796625105149
freq_low_high_ratio,0.2716535555494435,0.09615585296842649,0.35396500788861834,0.10227406973309802,0.3592593203534034
traditional_rms,0.1835176501988687,0.025839770287665965,0.14080264348189103,0.1394460245770878,0.213960979426639
time_mav,0.06745163192374955,0.04288855723683988,0.6358416534938537,0.005890399644813117,0.1190515468094408
traditional_mnf,0.06476704335099029,0.07217864228829185,1.1144347254774718,0.0004875886336088988,0.20016227092186414
