{
  "classifier_name": "Logistic Regression",
  "n_folds": 5,
  "feature_names": [
    "time_mav",
    "time_zero_crossing_rate",
    "freq_low_high_ratio",
    "traditional_rms",
    "traditional_mnf"
  ],
  "importance_per_fold": [
    [
      0.10853412227214483,
      0.5589205415451313,
      0.10227406973309802,
      0.17572835409425192,
      0.028279744904788066
    ],
    [
      0.03496812523276967,
      0.47664103958276277,
      0.32548405453015133,
      0.18475716994055347,
      0.07621195684223654
    ],
    [
      0.06881396565957927,
      0.5000860947175992,
      0.3429724664531766,
      0.213960979426639,
      0.20016227092186414
    ],
    [
      0.005890399644813117,
      0.789796625105149,
      0.3592593203534034,
      0.20369572295581137,
      0.0004875886336088988
    ],
    [
      0.1190515468094408,
      0.6000643359559577,
      0.2282778666773882,
      0.1394460245770878,
      0.018693655452453748
    ]
  ],
  "importance_mean": [
    0.06745163192374955,
    0.58510172738132,
    0.2716535555494435,
    0.1835176501988687,
    0.06476704335099029
  ],
  "importance_std": [
    0.04288855723683988,
    0.11117617900995204,
    0.09615585296842649,
    0.025839770287665965,
    0.07217864228829185
  ],
  "importance_cv": [
    0.6358416534938537,
    0.1900117087135099,
    0.35396500788861834,
    0.14080264348189103,
    1.1144347254774718
  ],
  "importance_min": [
    0.005890399644813117,
    0.47664103958276277,
    0.10227406973309802,
    0.1394460245770878,
    0.0004875886336088988
  ],
  "importance_max": [
    0.1190515468094408,
    0.789796625105149,
    0.3592593203534034,
    0.213960979426639,
    0.20016227092186414
  ],
  "top_20_features": [
    {
      "feature_name": "time_zero_crossing_rate",
      "mean_importance": 0.58510172738132,
      "std_importance": 0.11117617900995204,
      "cv": 0.1900117087135099,
      "min_importance": 0.47664103958276277,
      "max_importance": 0.789796625105149
    },
    {
      "feature_name": "freq_low_high_ratio",
      "mean_importance": 0.2716535555494435,
      "std_importance": 0.09615585296842649,
      "cv": 0.35396500788861834,
      "min_importance": 0.10227406973309802,
      "max_importance": 0.3592593203534034
    },
    {
      "feature_name": "traditional_rms",
      "mean_importance": 0.1835176501988687,
      "std_importance": 0.025839770287665965,
      "cv": 0.14080264348189103,
      "min_importance": 0.1394460245770878,
      "max_importance": 0.213960979426639
    },
    {
      "feature_name": "time_mav",
      "mean_importance": 0.06745163192374955,
      "std_importance": 0.04288855723683988,
      "cv": 0.6358416534938537,
      "min_importance": 0.005890399644813117,
      "max_importance": 0.1190515468094408
    },
    {
      "feature_name": "traditional_mnf",
      "mean_importance": 0.06476704335099029,
      "std_importance": 0.07217864228829185,
      "cv": 1.1144347254774718,
      "min_importance": 0.0004875886336088988,
      "max_importance": 0.20016227092186414
    }
  ]
}