{
  "classifier_name": "Logistic Regression",
  "n_folds": 5,
  "feature_names": [
    "time_mav",
    "time_zero_crossing_rate",
    "freq_low_high_ratio",
    "traditional_rms",
    "traditional_mnf"
  ],
  "folds": [
    {
      "fold_number": 1,
      "test_subjects": [
        "anupam",
        "haoyu",
        "memory",
        "veronica",
        "xiwen"
      ],
      "test_indices": [
        6,
        7,
        12,
        13,
        26,
        27,
        32,
        33,
        45,
        46,
        72,
        73,
        76,
        77,
        80,
        81,
        84,
        85
      ],
      "y_true": [
        0,
        1,
        0,
        1,
        0,
        1,
        0,
        1,
        0,
        1,
        0,
        1,
        0,
        1,
        0,
        1,
        0,
        1
      ],
      "y_pred": [
        0,
        1,
        0,
        0,
        0,
        1,
        0,
        0,
        0,
        1,
        0,
        0,
        1,
        1,
        0,
        1,
        0,
        1
      ],
      "y_pred_proba": [
        0.31903520083427495,
        0.5556942972195782,
        0.33243454394335037,
        0.46554879356331386,
        0.4515942411204963,
        0.6703995607286158,
        0.44474236871860545,
        0.474318468670469,
        0.37662462108572725,
        0.521994241729536,
        0.39426940779921726,
        0.3979154257151552,
        0.811782827428862,
        0.5207556956081649,
        0.39829453103941537,
        0.7372118549536273,
        0.48872335280089757,
        0.6146087743158387
      ],
      "subjects": [
        "haoyu",
        "haoyu",
        "xiwen",
        "xiwen",
        "xiwen",
        "xiwen",
        "haoyu",
        "haoyu",
        "haoyu",
        "haoyu",
        "anupam",
        "anupam",
        "veronica",
        "veronica",
        "memory",
        "memory",
        "xiwen",
        "xiwen"
      ],
      "metrics": {
        "accuracy": 0.7777777777777778,
        "precision": 0.8571428571428571,
        "recall": 0.6666666666666666,
        "f1": 0.75,
        "auc": 0.8148148148148149
      }
    },
    {
      "fold_number": 2,
      "test_subjects": [
        "bert",
        "pragna",
        "weifan",
        "yang",
        "yibo"
      ],
      "test_indices": [
        4,
        5,
        16,
        17,
        28,
        29,
        38,
        39,
        60,
        61,
        66,
        67,
        68,
        69,
        74,
        75,
        86,
        87
      ],
      "y_true": [
        0,
        1,
        1,
        1,
        0,
        1,
        0,
        1,
        0,
        1,
        0,
        1,
        0,
        1,
        0,
        1,
        0,
        1
      ],
      "y_pred": [
        0,
        1,
        0,
        1,
        1,
        1,
        1,
        1,
        0,
        1,
        1,
        1,
        0,
        1,
        1,
        0,
        0,
        1
      ],
      "y_pred_proba": [
        0.42222602549121563,
        0.780544561336229,
        0.4642131457372578,
        0.8498178136476641,
        0.5816862092843992,
        0.568640309940826,
        0.6806732951279754,
        0.5953980320117392,
        0.39023146673011383,
        0.5313319009057649,
        0.5454656437730103,
        0.662080018583893,
        0.41957630333564233,
        0.6429904464173067,
        0.5238632498114606,
        0.3360180259697349,
        0.38589888300028663,
        0.5625845230570361
      ],
      "subjects": [
        "yibo",
        "yibo",
        "weifan",
        "weifan",
        "yibo",
        "yibo",
        "weifan",
        "weifan",
        "bert",
        "bert",
        "weifan",
        "weifan",
        "yang",
        "yang",
        "pragna",
        "pragna",
        "yibo",
        "yibo"
      ],
      "metrics": {
        "accuracy": 0.6666666666666666,
        "precision": 0.6666666666666666,
        "recall": 0.8,
        "f1": 0.7272727272727273,
        "auc": 0.7250000000000001
      }
    },
    {
      "fold_number": 3,
      "test_subjects": [
        "ari",
        "george",
        "jiangyifei",
        "jiasi",
        "qiushi"
      ],
      "test_indices": [
        10,
        11,
        14,
        15,
        24,
        25,
        36,
        37,
        48,
        49,
        50,
        51,
        54,
        55,
        58,
        59,
        64,
        65
      ],
      "y_true": [
        0,
        1,
        0,
        1,
        0,
        1,
        0,
        1,
        0,
        1,
        0,
        1,
        0,
        1,
        0,
        1,
        0,
        1
      ],
      "y_pred": [
        1,
        1,
        0,
        0,
        1,
        0,
        1,
        1,
        0,
        1,
        1,
        1,
        0,
        0,
        1,
        1,
        1,
        0
      ],
      "y_pred_proba": [
        0.6753169900398391,
        0.8260175555578197,
        0.48304569988077856,
        0.37848553741198526,
        0.5339709865690786,
        0.3933083008676627,
        0.5640557218988039,
        0.6746152645190088,
        0.35301809459004874,
        0.700162466124346,
        0.5224605734249808,
        0.6009210347729529,
        0.3941683521510151,
        0.3622470508635904,
        0.5655431719585563,
        0.5886339395146825,
        0.6049659229151425,
        0.3943864648401523
      ],
      "subjects": [
        "ari",
        "ari",
        "jiangyifei",
        "jiangyifei",
        "ari",
        "ari",
        "jiangyifei",
        "jiangyifei",
        "jiangyifei",
        "jiangyifei",
        "ari",
        "ari",
        "qiushi",
        "qiushi",
        "jiasi",
        "jiasi",
        "george",
        "george"
      ],
      "metrics": {
        "accuracy": 0.4444444444444444,
        "precision": 0.45454545454545453,
        "recall": 0.5555555555555556,
        "f1": 0.5,
        "auc": 0.5555555555555556
      }
    },
    {
      "fold_number": 4,
      "test_subjects": [
        "aditi",
        "david",
        "haozhe",
        "seungjoo",
        "yifeng"
      ],
      "test_indices": [
        8,
        9,
        18,
        19,
        30,
        31,
        34,
        35,
        40,
        43,
        44,
        52,
        53,
        56,
        57,
        62,
        63
      ],
      "y_true": [
        0,
        1,
        0,
        1,
        0,
        1,
        0,
        1,
        1,
        0,
        1,
        0,
        1,
        0,
        1,
        0,
        1
      ],
      "y_pred": [
        1,
        1,
        1,
        1,
        0,
        1,
        1,
        1,
        1,
        0,
        0,
        1,
        1,
        0,
        0,
        1,
        0
      ],
      "y_pred_proba": [
        0.7943492713861924,
        0.6537222840339524,
        0.5164794045575286,
        0.8173991378152374,
        0.47046119068083064,
        0.5765895641045161,
        0.6257826058794529,
        0.5855701025460206,
        0.6002781361263704,
        0.3849137499237346,
        0.44959774862107565,
        0.7963645699998885,
        0.7886562750498453,
        0.3125081186527197,
        0.16043106457754833,
        0.5406563177203408,
        0.34967037528298056
      ],
      "subjects": [
        "aditi",
        "aditi",
        "david",
        "david",
        "aditi",
        "aditi",
        "david",
        "david",
        "aditi",
        "david",
        "david",
        "haozhe",
        "haozhe",
        "yifeng",
        "yifeng",
        "seungjoo",
        "seungjoo"
      ],
      "metrics": {
        "accuracy": 0.5294117647058824,
        "precision": 0.5454545454545454,
        "recall": 0.6666666666666666,
        "f1": 0.6,
        "auc": 0.5277777777777777
      }
    },
    {
      "fold_number": 5,