Feature,Mean_Importance,Std_Importance,CV,Min_Importance,Max_Importance
time_zero_crossing_rate,0.29137343,0.03134943,0.107591935,0.25273257,0.32000297
freq_low_high_ratio,0.22511473,0.02666799,0.11846399,0.17687963,0.25220037
traditional_mnf,0.19193298,0.039207347,0.20427623,0.13221368,0.24325317
traditional_rms,0.15220064,0.019498955,0.1281135,0.13160676,0.18780768
time_mav,0.13937822,0.014056249,0.10084968,0.119010374,0.15367532
