Feature,Mean_Importance,Std_Importance,CV,Min_Importance,Max_Importance
time_zero_crossing_rate,0.28763983468884524,0.023985120172760273,0.08338594753528353,0.24282458160103265,0.3125804644486337
traditional_mnf,0.18946950464328463,0.03741500244179179,0.19747242434863593,0.1196514371933897,0.22519226019318447
freq_low_high_ratio,0.18547787166818702,0.02537071705204338,0.1367856812792853,0.14597206808985538,0.22525779151752373
time_mav,0.17830167236591468,0.02834678829881238,0.1589821783877621,0.14629057087483818,0.22242210336313883
traditional_rms,0.15911111663376842,0.02450866016501761,0.15403486989552437,0.13226395469963897,0.19354033287947456
