Feature,Mean_Importance,Std_Importance
time_mav,0.3187553917556575,0.029216492610654426
traditional_rms,0.2769784310077181,0.037264051774224614
freq_low_high_ratio,0.23370047254951273,0.016797883899179824
time_zero_crossing_rate,0.17056570468711169,0.010951059695478266
