Fold,time_mav,time_zero_crossing_rate,freq_low_high_ratio,traditional_rms
1,0.28788899228375164,0.1690322988390402,0.26247954869043616,0.280599160186772
2,0.33263128544113446,0.1601970977601894,0.23719839958026614,0.26997321721841006
3,0.31048459657120897,0.15909974223946322,0.2113007412562833,0.31911491993304447
4,0.2944044965455842,0.17572015283091189,0.22561178990231676,0.30426356072118704
5,0.36836758793660807,0.1887792317659537,0.23191188331826135,0.21094129697917685
