Fold,time_mav,time_zero_crossing_rate,freq_low_high_ratio,traditional_rms
1,0.3191136,0.1743936,0.28567258,0.22082025
2,0.37408558,0.15789957,0.22218186,0.245833
3,0.28810388,0.16841723,0.23457247,0.3089064
4,0.35205936,0.18608168,0.16784629,0.29401273
5,0.36888605,0.21866073,0.1814977,0.23095551
