{
  "Logistic Regression": {
    "Low Force (0-1)": {
      "precision": [
        0.8,
        0.7142857142857143,
        0.6666666666666666,
        0.625,
        0.5384615384615384
      ],
      "recall": [
        0.8888888888888888,
        0.5555555555555556,
        1.0,
        0.625,
        0.875
      ],
      "f1-score": [
        0.8421052631578947,
        0.625,
        0.8,
        0.625,
        0.6666666666666666
      ],
      "mean_precision": 0.6688827838827838,
      "mean_recall": 0.788888888888889,
      "mean_f1": 0.7117543859649123
    },
    "High Force (2-3)": {
      "precision": [
        0.8571428571428571,
        0.6,
        1.0,
        0.625,
        0.6666666666666666
      ],
      "recall": [
        0.75,
        0.75,
        0.5555555555555556,
        0.625,
        0.25
      ],
      "f1-score": [
        0.8,
        0.6666666666666666,
        0.7142857142857143,
        0.625,
        0.36363636363636365
      ],
      "mean_precision": 0.7497619047619047,
      "mean_recall": 0.586111111111111,
      "mean_f1": 0.633917748917749
    }
  },
  "SVM": {
    "Low Force (0-1)": {
      "precision": [
        0.6153846153846154,
        0.7142857142857143,
        0.5384615384615384,
        0.625,
        0.5
      ],
      "recall": [
        0.8888888888888888,
        0.5555555555555556,
        0.875,
        0.625,
        0.875
      ],
      "f1-score": [
        0.7272727272727273,
        0.625,
        0.6666666666666666,
        0.625,
        0.6363636363636364
      ],
      "mean_precision": 0.5986263736263736,
      "mean_recall": 0.763888888888889,
      "mean_f1": 0.656060606060606
    },
    "High Force (2-3)": {
      "precision": [
        0.75,
        0.6,
        0.75,
        0.625,
        0.5
      ],
      "recall": [
        0.375,
        0.75,
        0.3333333333333333,
        0.625,
        0.125
      ],
      "f1-score": [
        0.5,
        0.6666666666666666,
        0.46153846153846156,
        0.625,
        0.2
      ],
      "mean_precision": 0.645,
      "mean_recall": 0.4416666666666666,
      "mean_f1": 0.4906410256410257
    }
  },
  "Random Forest": {
    "Low Force (0-1)": {
      "precision": [
        0.7,
        0.75,
        0.6,
        0.6,
        0.75
      ],
      "recall": [
        0.7777777777777778,
        0.6666666666666666,
        0.75,
        0.75,
        0.75
      ],
      "f1-score": [
        0.7368421052631579,
        0.7058823529411765,
        0.6666666666666666,
        0.6666666666666666,
        0.75
      ],
      "mean_precision": 0.6799999999999999,
      "mean_recall": 0.7388888888888889,
      "mean_f1": 0.7052115583075336
    },
    "High Force (2-3)": {
      "precision": [
        0.7142857142857143,
        0.6666666666666666,
        0.7142857142857143,
        0.6666666666666666,
        0.75
      ],
      "recall": [
        0.625,
        0.75,
        0.5555555555555556,
        0.5,
        0.75
      ],
      "f1-score": [
        0.6666666666666666,
        0.7058823529411765,
        0.625,
        0.5714285714285714,
        0.75
      ],
      "mean_precision": 0.7023809523809523,
      "mean_recall": 0.6361111111111111,
      "mean_f1": 0.663795518207283
    }
  },
  "XGBoost": {
    "Low Force (0-1)": {
      "precision": [
        0.8,
        0.8333333333333334,
        0.5833333333333334,
        0.625,
        0.5555555555555556
      ],
      "recall": [
        0.8888888888888888,
        0.5555555555555556,
        0.875,
        0.625,
        0.625
      ],
      "f1-score": [
        0.8421052631578947,
        0.6666666666666666,
        0.7,
        0.625,
        0.5882352941176471
      ],
      "mean_precision": 0.6794444444444444,
      "mean_recall": 0.7138888888888889,
      "mean_f1": 0.6844014447884417
    },
    "High Force (2-3)": {
      "precision": [
        0.8571428571428571,
        0.6363636363636364,
        0.8,
        0.625,
        0.5714285714285714
      ],
      "recall": [
        0.75,
        0.875,
        0.4444444444444444,
        0.625,
        0.5
      ],
      "f1-score": [
        0.8,
        0.7368421052631579,
        0.5714285714285714,
        0.625,
        0.5333333333333333
      ],
      "mean_precision": 0.6979870129870129,
      "mean_recall": 0.638888888888889,
      "mean_f1": 0.6533208020050125
    }
  }
}